User_ID,Movie_ID,Rating
User_0,0,4
User_0,17,1
User_0,3,5
User_0,12,1
User_0,16,1
User_0,10,1
User_0,15,1
User_0,11,1
User_0,6,2
User_0,4,1
User_1,11,2
User_1,17,2
User_1,3,1
User_1,18,1
User_1,7,1
User_1,0,1
User_1,10,1
User_1,1,1
User_1,6,1
User_1,12,5
User_2,5,1
User_2,12,1
User_2,7,1
User_2,16,1
User_2,9,5
User_2,8,5
User_2,1,1
User_2,19,1
User_2,17,1
User_3,1,1
User_3,9,2
User_3,0,2
User_3,5,1
User_3,15,2
User_3,10,1
User_3,19,5
User_3,2,2
User_4,0,1
User_4,14,1
User_4,7,4
User_4,16,2
User_4,5,5
User_4,12,2
User_4,4,5
User_4,13,1
User_5,12,1
User_5,15,1
User_5,5,1
User_5,11,5
User_5,18,2
User_5,0,1
User_5,2,2
User_5,7,1
User_5,14,1
User_5,6,1
User_5,3,1
User_5,13,1
User_5,8,5
User_6,17,2
User_6,2,2
User_6,7,1
User_6,16,2
User_6,5,1
User_6,13,1
User_6,8,5
User_6,14,1
User_6,15,2
User_6,12,1
User_6,9,4
User_6,6,1
User_6,18,2
User_7,18,1
User_7,0,1
User_7,13,4
User_7,17,1
User_7,5,1
User_7,2,1
User_7,11,1
User_7,6,2
User_8,3,1
User_8,13,4
User_8,6,1
User_8,18,1
User_8,12,4
User_8,11,1
User_8,7,1
User_8,8,1
User_8,19,1
User_8,1,2
User_9,4,2
User_9,18,2
User_9,17,2
User_9,12,5
User_9,6,2
User_9,10,1
User_9,2,1
User_10,17,1
User_10,5,1
User_10,18,1
User_10,10,5
User_10,19,1
User_10,1,1
User_10,12,1
User_10,13,1
User_10,14,1
User_10,2,1
User_10,0,1
User_10,7,1
User_11,2,1
User_11,18,1
User_11,5,1
User_11,7,1
User_11,17,1
User_11,8,5
User_11,15,1
User_11,0,2
User_11,19,1
User_11,6,1
User_11,3,2
User_11,12,1
User_12,5,1
User_12,18,1
User_12,16,1
User_12,14,2
User_12,8,1
User_12,3,5
User_12,0,4
User_12,1,4
User_12,9,1
User_13,4,1
User_13,5,1
User_13,9,4
User_13,7,2
User_13,1,1
User_13,16,1
User_13,12,1
User_13,13,1
User_13,3,1
User_13,8,5
User_13,17,1
User_14,14,1
User_14,1,1
User_14,10,4
User_14,6,1
User_14,11,4
User_14,2,1
User_14,15,1
User_14,13,1
User_14,9,4
User_15,4,2
User_15,13,5
User_15,16,2
User_15,19,1
User_15,0,1
User_15,5,2
User_15,9,2
User_15,15,5
User_15,17,1
User_15,18,1
User_15,10,1
User_16,13,1
User_16,9,1
User_16,19,2
User_16,11,1
User_16,14,1
User_16,0,1
User_16,1,1
User_16,7,4
User_16,17,1
User_17,11,1
User_17,4,1
User_17,6,2
User_17,13,4
User_17,9,1
User_17,2,1
User_17,10,1
User_18,6,2
User_18,10,5
User_18,14,1
User_18,7,1
User_18,4,2
User_18,0,1
User_18,17,1
User_18,16,1
User_18,9,5
User_18,3,1
User_18,11,4
User_18,12,2
User_19,2,1
User_19,14,5
User_19,19,2
User_19,8,2
User_19,6,1
User_19,10,1
User_19,7,2
User_20,0,1
User_20,1,1
User_20,11,1
User_20,15,5
User_20,10,2
User_20,17,1
User_20,3,2
User_20,14,5
User_20,8,1
User_20,16,1
User_21,11,1
User_21,18,2
User_21,15,2
User_21,1,5
User_21,6,1
User_21,19,1
User_21,16,1
User_21,13,2
User_22,2,5
User_22,4,1
User_22,15,2
User_22,13,1
User_22,7,1
User_22,12,1
User_22,9,1
User_22,11,1
User_22,5,1
User_22,1,4
User_23,3,2
User_23,1,2
User_23,9,5
User_23,14,1
User_23,7,1
User_23,12,2
User_23,4,2
User_23,13,2
User_23,8,5
User_23,18,1
User_24,14,1
User_24,12,1
User_24,16,1
User_24,0,5
User_24,3,5
User_24,2,4
User_24,1,5
User_25,19,1
User_25,13,1
User_25,2,1
User_25,3,1
User_25,10,1
User_25,0,1
User_25,4,5
User_25,8,1
User_25,17,1
User_25,7,4
User_25,11,1
User_25,16,2
User_25,9,1
User_26,8,1
User_26,4,5
User_26,6,4
User_26,3,1
User_26,16,1
User_26,17,2
User_26,0,1
User_26,15,2
User_26,9,2
User_26,5,4
User_26,13,2
User_26,2,1
User_26,1,1
User_27,12,2
User_27,19,5
User_27,8,1
User_27,10,1
User_27,9,2
User_27,11,2
User_27,1,1
User_27,14,1
User_27,16,5
User_27,3,1
User_27,7,1
User_27,6,2
User_28,1,5
User_28,5,1
User_28,9,1
User_28,13,1
User_28,10,2
User_28,2,5
User_28,18,1
User_28,6,1
User_28,15,1
User_28,12,1
User_28,17,1
User_28,4,2
User_28,3,5
User_29,19,1
User_29,0,1
User_29,15,1
User_29,2,1
User_29,10,4
User_29,5,2
User_29,6,2
User_30,12,5
User_30,16,2
User_30,5,2
User_30,9,1
User_30,10,2
User_30,18,2
User_31,18,1
User_31,11,1
User_31,3,5
User_31,12,1
User_31,4,1
User_31,1,5
User_31,7,1
User_31,19,1
User_31,10,1
User_31,6,1
User_31,0,5
User_32,1,1
User_32,17,4
User_32,15,1
User_32,6,2
User_32,13,1
User_32,14,1
User_32,12,1
User_33,2,4
User_33,0,5
User_33,11,1
User_33,6,1
User_33,8,1
User_33,16,2
User_33,5,2
User_33,1,5
User_33,17,1
User_33,9,2
User_34,14,2
User_34,19,2
User_34,17,1
User_34,8,1
User_34,2,5
User_34,18,1
User_34,13,1
User_34,9,2
User_35,17,2
User_35,3,2
User_35,11,5
User_35,15,1
User_35,5,1
User_35,12,2
User_35,19,2
User_36,1,5
User_36,11,2
User_36,18,1
User_36,8,2
User_36,17,1
User_36,15,1
User_36,5,1
User_37,9,1
User_37,5,1
User_37,10,1
User_37,8,2
User_37,12,1
User_37,0,1
User_37,7,2
User_37,11,1
User_37,6,1
User_38,10,2
User_38,11,2
User_38,3,1
User_38,16,1
User_38,19,2
User_38,14,1
User_38,2,1
User_38,17,1
User_38,4,4
User_38,9,1
User_38,8,2
User_39,17,1
User_39,14,1
User_39,18,1
User_39,4,1
User_39,10,5
User_39,9,5
User_39,8,4
User_39,3,1
User_39,1,1
User_39,2,1
User_40,13,2
User_40,3,2
User_40,19,1
User_40,18,1
User_40,12,2
User_40,15,1
User_40,0,2
User_40,1,1
User_40,5,4
User_40,11,1
User_40,7,4
User_40,14,1
User_41,7,1
User_41,1,5
User_41,0,5
User_41,8,1
User_41,18,1
User_41,6,1
User_41,5,1
User_41,10,1
User_41,17,1
User_41,19,1
User_41,12,1
User_41,14,1
User_41,13,1
User_42,3,1
User_42,7,1
User_42,6,1
User_42,14,2
User_42,1,1
User_42,17,1
User_42,8,4
User_42,11,5
User_42,19,1
User_42,2,1
User_42,10,5
User_43,17,2
User_43,10,4
User_43,14,1
User_43,1,1
User_43,4,1
User_43,8,5
User_43,9,4
User_43,7,1
User_43,19,2
User_43,0,1
User_44,19,1
User_44,12,2
User_44,4,5
User_44,17,1
User_44,18,1
User_44,13,2
User_45,10,2
User_45,15,1
User_45,17,2
User_45,16,2
User_45,14,2
User_45,12,2
User_45,5,2
User_45,4,1
User_45,18,1
User_45,9,1
User_45,13,2
User_45,2,5
User_46,6,1
User_46,7,1
User_46,12,5
User_46,3,2
User_46,0,1
User_46,9,1
User_46,14,5
User_46,15,5
User_47,8,1
User_47,4,1
User_47,17,1
User_47,9,1
User_47,18,1
User_47,16,1
User_47,13,5
User_47,15,5
User_47,0,2
User_47,3,1
User_47,11,2
User_47,1,1
User_47,2,2
User_48,2,2
User_48,14,5
User_48,6,1
User_48,18,1
User_48,17,1
User_48,16,1
User_48,19,1
User_48,11,1
User_48,8,2
User_49,11,1
User_49,4,5
User_49,14,1
User_49,2,2
User_49,3,1
User_49,0,3
User_49,5,5
User_49,15,1
User_50,7,1
User_50,15,1
User_50,14,1
User_50,17,2
User_50,19,2
User_50,10,5
User_50,8,5
User_50,2,2
User_50,11,5
User_50,13,1
User_51,15,5
User_51,17,1
User_51,2,1
User_51,3,1
User_51,11,1
User_51,8,1
User_52,2,2
User_52,18,1
User_52,13,1
User_52,8,5
User_52,4,2
User_52,14,2
User_52,17,2
User_52,11,5
User_52,15,2
User_52,16,1
User_52,9,5
User_52,3,1
User_52,10,5
User_53,0,5
User_53,1,5
User_53,17,1
User_53,14,2
User_53,3,5
User_53,10,1
User_53,11,1
User_53,7,2
User_53,12,1
User_53,6,2
User_53,15,2
User_53,4,2
User_53,2,5
User_54,18,2
User_54,7,1
User_54,1,5
User_54,8,2
User_54,19,1
User_54,4,1
User_54,5,1
User_55,5,1
User_55,3,4
User_55,18,1
User_55,2,5
User_55,4,1
User_55,0,4
User_55,14,1
User_55,15,2
User_55,17,1
User_56,9,5
User_56,0,1
User_56,11,5
User_56,16,2
User_56,18,2
User_56,1,1
User_56,10,5
User_56,19,1
User_56,12,2
User_57,9,1
User_57,5,1
User_57,6,1
User_57,1,2
User_57,0,1
User_57,18,1
User_58,10,5
User_58,19,2
User_58,15,1
User_58,1,1
User_58,14,2
User_58,3,1
User_58,5,1
User_59,3,1
User_59,4,1
User_59,18,1
User_59,16,1
User_59,2,1
User_59,17,1
User_59,5,2
User_59,8,5
User_60,6,2
User_60,2,1
User_60,13,1
User_60,0,1
User_60,16,5
User_60,7,1
User_60,9,1
User_60,19,5
User_60,12,1
User_60,5,1
User_61,14,5
User_61,13,5
User_61,1,1
User_61,18,2
User_61,9,2
User_61,3,1
User_61,10,1
User_61,8,1
User_61,15,4
User_61,6,2
User_61,0,1
User_62,13,2
User_62,0,1
User_62,12,2
User_62,6,1
User_62,15,2
User_62,16,1
User_62,3,2
User_62,8,5
User_62,17,2
User_63,14,1
User_63,6,1
User_63,8,1
User_63,5,2
User_63,4,2
User_63,2,5
User_63,13,2
User_63,0,4
User_63,19,1
User_63,10,1
User_64,6,1
User_64,10,5
User_64,8,5
User_64,17,1
User_64,9,4
User_64,1,1
User_64,11,4
User_64,2,1
User_64,4,2
User_65,12,1
User_65,9,1
User_65,16,2
User_65,2,5
User_65,14,1
User_65,10,2
User_65,18,2
User_66,14,5
User_66,10,2
User_66,18,1
User_66,2,2
User_66,3,1
User_66,15,4
User_66,8,1
User_66,7,1
User_66,5,2
User_66,4,2
User_66,19,1
User_66,9,1
User_67,5,1
User_67,14,2
User_67,7,2
User_67,18,4
User_67,1,1
User_67,6,1
User_67,9,1
User_67,8,1
User_68,17,4
User_68,14,2
User_68,16,5
User_68,3,1
User_68,7,1
User_68,6,2
User_69,14,4
User_69,1,2
User_69,9,1
User_69,15,5
User_69,10,2
User_69,11,1
User_69,0,2
User_69,4,2
User_69,6,1
User_70,19,1
User_70,5,1
User_70,17,2
User_70,9,1
User_70,14,4
User_70,12,5
User_71,19,2
User_71,9,1
User_71,10,1
User_71,0,5
User_71,14,2
User_71,1,5
User_71,12,1
User_71,15,1
User_72,6,1
User_72,10,1
User_72,16,2
User_72,1,4
User_72,11,1
User_72,13,1
User_72,15,1
User_73,18,1
User_73,8,2
User_73,13,1
User_73,4,1
User_73,9,1
User_73,15,2
User_73,3,5
User_73,2,4
User_73,14,2
User_73,12,1
User_73,1,5
User_73,11,1
User_73,17,2
User_74,9,1
User_74,17,5
User_74,4,2
User_74,8,1
User_74,6,2
User_74,7,2
User_74,0,2
User_74,2,2
User_74,16,5
User_74,3,1
User_74,5,1
User_75,3,2
User_75,0,2
User_75,4,5
User_75,9,2
User_75,13,1
User_75,12,1
User_75,11,1
User_75,7,5
User_75,5,5
User_75,17,1
User_75,16,1
User_75,15,1
User_75,1,1
User_76,14,1
User_76,8,1
User_76,18,1
User_76,1,1
User_76,3,1
User_76,6,5
User_76,5,5
User_76,10,1
User_76,19,1
User_76,0,1
User_77,16,2
User_77,18,1
User_77,1,2
User_77,5,1
User_77,9,1
User_77,6,2
User_77,8,1
User_77,2,1
User_77,14,4
User_78,12,2
User_78,13,1
User_78,10,4
User_78,11,4
User_78,2,1
User_78,0,1
User_78,6,1
User_78,14,1
User_78,17,1
User_78,3,2
User_78,5,1
User_78,18,1
User_79,2,1
User_79,8,2
User_79,10,1
User_79,12,1
User_79,9,1
User_79,19,4
User_79,18,5
User_79,14,1
User_79,4,1
User_79,16,5
User_79,5,1
User_80,0,1
User_80,5,1
User_80,9,2
User_80,11,2
User_80,18,1
User_80,14,5
User_80,10,1
User_80,6,1
User_80,12,5
User_81,15,2
User_81,5,1
User_81,0,2
User_81,17,4
User_81,14,2
User_81,1,2
User_81,11,1
User_81,9,2
User_81,2,1
User_81,7,2
User_81,16,4
User_81,12,1
User_82,16,4
User_82,3,1
User_82,15,1
User_82,12,1
User_82,11,1
User_82,2,1
User_82,8,1
User_82,5,1
User_82,10,2
User_82,18,5
User_82,9,1
User_83,10,2
User_83,1,2
User_83,3,2
User_83,11,2
User_83,4,1
User_83,0,2
User_83,12,5
User_83,7,2
User_83,6,2
User_83,2,1
User_83,15,5
User_83,16,2
User_83,9,1
User_84,8,1
User_84,5,1
User_84,15,1
User_84,14,1
User_84,1,1
User_84,16,5
User_84,0,1
User_84,3,1
User_84,11,1
User_85,4,5
User_85,6,5
User_85,3,2
User_85,17,1
User_85,13,1
User_85,9,1
User_85,15,2
User_86,13,5
User_86,10,1
User_86,3,2
User_86,15,5
User_86,18,1
User_86,2,1
User_86,7,1
User_87,12,1
User_87,4,1
User_87,15,1
User_87,0,1
User_87,1,1
User_87,7,2
User_87,10,5
User_87,3,2
User_88,2,1
User_88,13,2
User_88,16,2
User_88,5,5
User_88,3,1
User_88,18,1
User_88,4,5
User_88,19,1
User_88,8,1
User_88,1,1
User_88,9,1
User_88,17,1
User_88,15,2
User_89,0,1
User_89,16,1
User_89,19,2
User_89,13,1
User_89,10,5
User_89,7,2
User_89,14,1
User_89,18,1
User_89,12,1
User_89,4,1
User_89,15,1
User_89,9,5
User_89,2,1
User_90,2,1
User_90,10,2
User_90,4,1
User_90,16,1
User_90,12,5
User_90,5,1
User_91,9,1
User_91,18,1
User_91,2,2
User_91,7,1
User_91,8,1
User_91,13,5
User_91,10,1
User_91,19,2
User_91,11,1
User_92,3,1
User_92,18,1
User_92,13,5
User_92,10,1
User_92,7,1
User_92,6,1
User_92,4,1
User_92,12,5
User_92,9,1
User_92,2,1
User_92,14,5
User_93,2,1
User_93,15,1
User_93,18,5
User_93,17,5
User_93,0,2
User_93,3,1
User_93,9,1
User_93,13,2
User_94,9,1
User_94,10,1
User_94,6,1
User_94,11,1
User_94,19,4
User_94,1,1
User_94,4,1
User_94,8,1
User_94,7,2
User_94,15,1
User_94,5,2
User_95,17,1
User_95,12,4
User_95,14,5
User_95,8,2
User_95,9,2
User_95,11,2
User_96,13,2
User_96,18,1
User_96,17,2
User_96,6,5
User_96,4,5
User_96,2,2
User_96,8,1
User_96,3,1
User_96,10,1
User_96,12,1
User_96,15,1
User_96,5,5
User_97,5,1
User_97,1,1
User_97,10,1
User_97,15,1
User_97,8,1
User_97,7,1
User_97,19,4
User_97,4,1
User_97,17,5
User_98,19,1
User_98,7,2
User_98,17,1
User_98,3,1
User_98,4,1
User_98,10,2
User_98,5,1
User_98,13,4
User_98,11,2
User_98,18,1
User_99,3,1
User_99,8,1
User_99,0,1
User_99,7,1
User_99,14,5
User_99,12,4
User_99,10,1
User_99,11,1
User_99,15,4
User_99,1,1
User_99,9,1
User_99,19,1
User_100,11,1
User_100,0,2
User_100,15,5
User_100,13,5
User_100,8,1
User_100,16,2
User_100,3,2
User_100,1,1
User_100,4,1
User_100,7,1
User_100,2,2
User_101,14,1
User_101,3,1
User_101,15,1
User_101,19,1
User_101,16,1
User_101,10,4
User_101,7,1
User_101,18,2
User_101,6,1
User_102,7,1
User_102,4,1
User_102,6,1
User_102,9,1
User_102,1,1
User_102,18,1
User_102,13,4
User_102,3,1
User_102,19,1
User_103,0,5
User_103,10,2
User_103,18,1
User_103,1,4
User_103,3,4
User_103,2,4
User_104,2,2
User_104,6,1
User_104,11,4
User_104,5,1
User_104,19,1
User_104,14,1
User_104,17,1
User_104,8,4
User_104,1,1
User_105,4,1
User_105,2,1
User_105,3,1
User_105,7,2
User_105,5,1
User_105,1,1
User_106,10,5
User_106,4,1
User_106,1,1
User_106,0,1
User_106,2,1
User_106,18,2
User_106,5,1
User_106,9,4
User_106,12,1
User_106,17,2
User_106,7,2
User_107,0,2
User_107,6,1
User_107,2,1
User_107,5,1
User_107,15,1
User_107,7,2
User_107,17,1
User_107,12,2
User_107,16,1
User_107,13,1
User_107,11,5
User_107,18,1
User_107,9,5
User_108,2,5
User_108,14,2
User_108,1,5
User_108,6,1
User_108,3,4
User_108,4,1
User_108,13,1
User_108,5,1
User_108,7,1
User_108,8,1
User_109,11,2
User_109,4,2
User_109,17,2
User_109,15,1
User_109,12,1
User_109,9,1
User_109,18,1
User_110,18,1
User_110,12,1
User_110,7,1
User_110,14,2
User_110,9,5
User_110,4,2
User_110,11,5
User_110,17,1
User_110,1,1
User_110,16,1
User_110,3,1
User_110,13,2
User_110,10,5
User_111,16,1
User_111,8,1
User_111,0,4
User_111,14,1
User_111,10,1
User_111,12,1
User_111,13,1
User_111,6,2
User_111,5,1
User_111,9,1
User_111,15,1
User_112,11,1
User_112,18,4
User_112,8,1
User_112,0,1
User_112,2,1
User_112,16,5
User_112,12,1
User_112,4,1
User_112,6,1
User_112,13,1
User_112,5,1
User_112,10,1
User_113,15,1
User_113,5,1
User_113,6,1
User_113,8,4
User_113,18,1
User_113,1,1
User_113,9,4
User_113,0,2
User_113,16,1
User_114,19,1
User_114,13,1
User_114,5,5
User_114,15,1
User_114,4,4
User_114,16,1
User_114,9,1
User_115,14,1
User_115,5,2
User_115,2,5
User_115,6,2
User_115,11,1
User_115,10,2
User_115,17,2
User_115,1,5
User_115,4,2
User_115,7,2
User_115,18,1
User_115,0,5
User_115,19,1
User_116,16,4
User_116,2,1
User_116,10,2
User_116,7,1
User_116,11,2
User_116,0,1
User_116,4,1
User_117,15,5
User_117,17,1
User_117,7,2
User_117,4,1
User_117,8,1
User_117,2,2
User_117,12,4
User_117,9,1
User_117,16,2
User_117,14,4
User_118,14,2
User_118,16,5
User_118,10,1
User_118,3,1
User_118,6,2
User_118,17,4
User_118,5,1
User_118,4,1
User_118,0,1
User_119,9,1
User_119,3,5
User_119,18,2
User_119,8,1
User_119,11,1
User_119,17,2
User_119,5,2
User_119,0,5
User_119,19,2
User_119,15,1
User_119,6,1
User_119,12,2
User_119,13,1
User_120,11,1
User_120,14,2
User_120,1,1
User_120,3,1
User_120,15,2
User_120,17,2
User_120,16,2
User_121,18,2
User_121,1,2
User_121,12,1
User_121,7,5
User_121,5,4
User_121,16,2
User_121,2,1
User_121,15,2
User_121,13,1
User_121,14,1
User_121,0,1
User_122,17,5
User_122,6,1
User_122,11,1
User_122,18,5
User_122,13,1
User_122,4,1
User_122,14,1
User_122,0,1
User_123,11,2
User_123,19,1
User_123,17,1
User_123,12,2
User_123,13,1
User_123,8,2
User_123,14,2
User_123,4,1
User_123,7,1
User_123,9,2
User_124,12,5
User_124,1,1
User_124,7,2
User_124,2,1
User_124,6,1
User_124,4,1
User_124,13,5
User_124,19,1
User_124,5,2
User_124,10,1
User_124,11,1
User_124,8,2
User_124,0,1
User_125,11,1
User_125,6,2
User_125,9,1
User_125,2,1
User_125,0,2
User_125,10,1
User_125,3,1
User_125,1,1
User_125,15,5
User_125,7,1
User_126,8,1
User_126,0,5
User_126,3,4
User_126,4,1
User_126,11,2
User_126,10,1
User_126,18,2
User_126,2,4
User_126,5,1
User_127,18,1
User_127,16,2
User_127,0,2
User_127,4,5
User_127,3,1
User_127,5,5
User_127,15,1
User_128,19,2
User_128,9,4
User_128,12,1
User_128,10,5
User_128,17,2
User_128,14,1
User_128,1,1
User_129,11,1
User_129,18,1
User_129,10,2
User_129,1,1
User_129,13,1
User_129,17,1
User_129,0,2
User_129,12,1
User_129,7,4
User_129,8,1
User_129,4,5
User_130,4,1
User_130,5,1
User_130,10,1
User_130,18,1
User_130,8,2
User_130,19,1
User_130,14,5
User_130,11,1
User_130,13,4
User_130,17,1
User_130,6,1
User_131,18,5
User_131,17,5
User_131,8,1
User_131,0,1
User_131,2,1
User_131,6,2
User_131,13,1
User_131,11,1
User_131,9,1
User_132,1,1
User_132,11,2
User_132,17,1
User_132,3,1
User_132,7,1
User_132,18,1
User_132,8,1
User_132,15,4
User_132,10,2
User_132,14,5
User_133,18,1
User_133,0,1
User_133,5,5
User_133,14,1
User_133,3,2
User_133,8,1
User_134,14,2
User_134,0,1
User_134,5,1
User_134,8,4
User_134,3,2
User_134,10,5
User_134,7,1
User_134,4,2
User_134,2,1
User_135,12,1
User_135,2,5
User_135,8,1
User_135,3,5
User_135,5,1
User_135,18,2
User_135,10,1
User_135,19,2
User_135,14,1
User_135,4,2
User_135,15,1
User_135,7,1
User_135,0,5
User_136,19,1
User_136,3,5
User_136,14,1
User_136,17,1
User_136,18,2
User_136,6,1
User_136,13,1
User_137,1,4
User_137,14,1
User_137,16,2
User_137,2,4
User_137,7,1
User_137,5,1
User_138,16,1
User_138,7,1
User_138,9,5
User_138,17,1
User_138,14,2
User_138,1,1
User_138,10,5
User_138,8,5
User_138,12,1
User_138,11,5
User_138,5,1
User_139,0,2
User_139,19,1
User_139,15,2
User_139,8,1
User_139,4,4
User_139,18,1
User_139,11,1
User_139,3,1
User_139,16,1
User_140,9,1
User_140,5,5
User_140,7,4
User_140,2,2
User_140,6,4
User_140,16,1
User_140,12,2
User_140,1,2
User_140,19,2
User_141,9,1
User_141,6,1
User_141,16,1
User_141,12,5
User_141,5,1
User_141,0,1
User_141,4,1
User_141,11,2
User_142,8,5
User_142,19,2
User_142,7,1
User_142,13,1
User_142,17,2
User_142,12,2
User_142,18,1
User_143,1,1
User_143,5,2
User_143,19,1
User_143,7,1
User_143,6,1
User_143,10,5
User_143,2,1
User_143,0,1
User_143,12,1
User_144,10,1
User_144,7,2
User_144,5,2
User_144,4,2
User_144,15,5
User_144,17,1
User_145,9,1
User_145,12,1
User_145,6,1
User_145,10,2
User_145,0,1
User_145,7,2
User_145,17,5
User_145,18,5
User_145,16,5
User_145,2,1
User_146,9,1
User_146,19,2
User_146,6,1
User_146,11,1
User_146,4,1
User_146,10,1
User_146,1,1
User_147,15,2
User_147,9,1
User_147,6,5
User_147,2,2
User_147,3,2
User_147,14,2
User_147,4,4
User_147,10,1
User_147,7,5
User_147,16,1
User_147,11,1
User_147,19,1
User_148,8,1
User_148,4,5
User_148,0,1
User_148,1,1
User_148,16,1
User_148,6,5
User_148,7,5
User_148,13,2
User_148,17,1
User_149,6,1
User_149,19,1
User_149,17,2
User_149,9,1
User_149,11,1
User_149,13,2
User_149,4,1
User_149,7,1
User_150,7,1
User_150,2,2
User_150,3,1
User_150,14,1
User_150,18,5
User_150,5,1
User_150,1,2
User_150,17,5
User_150,0,1
User_150,10,1
User_150,9,1
User_150,12,1
User_150,15,1
User_151,3,2
User_151,15,4
User_151,2,2
User_151,16,1
User_151,17,1
User_151,13,5
User_151,19,1
User_151,11,1
User_152,16,4
User_152,12,2
User_152,5,1
User_152,15,1
User_152,9,1
User_152,11,2
User_152,14,1
User_152,2,2
User_153,3,1
User_153,6,4
User_153,11,1
User_153,0,1
User_153,16,1
User_153,17,2
User_153,9,1
User_154,3,1
User_154,0,1
User_154,6,5
User_154,18,2
User_154,10,1
User_154,7,5
User_154,2,1
User_154,1,1
User_154,17,2
User_155,8,4
User_155,9,5
User_155,15,1
User_155,12,2
User_155,4,1
User_155,13,1
User_155,5,1
User_155,11,5
User_156,19,1
User_156,11,5
User_156,6,2
User_156,4,2
User_156,17,1
User_156,8,5
User_156,7,1
User_156,18,1
User_156,12,1
User_156,9,5
User_156,10,5
User_156,15,1
User_156,0,1
User_157,0,1
User_157,11,1
User_157,18,1
User_157,8,2
User_157,14,2
User_157,9,1
User_157,16,1
User_157,2,1
User_157,6,5
User_157,4,5
User_158,14,5
User_158,0,1
User_158,19,1
User_158,8,1
User_158,15,5
User_158,12,5
User_158,6,1
User_158,4,1
User_158,11,1
User_159,8,1
User_159,18,1
User_159,2,1
User_159,16,1
User_159,7,5
User_159,17,2
User_159,13,2
User_159,3,2
User_159,1,1
User_159,15,1
User_159,6,4
User_159,4,4
User_160,11,1
User_160,0,1
User_160,8,2
User_160,5,1
User_160,4,2
User_160,12,1
User_161,2,5
User_161,13,2
User_161,8,1
User_161,14,1
User_161,3,5
User_161,1,4
User_161,19,1
User_161,18,1
User_161,16,1
User_162,2,2
User_162,9,2
User_162,18,1
User_162,12,4
User_162,6,2
User_162,14,5
User_162,3,1
User_162,0,1
User_162,5,1
User_162,1,1
User_162,11,1
User_162,7,1
User_162,10,1
User_163,15,2
User_163,12,1
User_163,7,2
User_163,3,5
User_163,0,4
User_163,14,2
User_163,6,1
User_163,5,2
User_163,9,1
User_163,8,1
User_163,10,1
User_164,16,2
User_164,5,1
User_164,12,1
User_164,9,5
User_164,17,1
User_164,6,1
User_164,1,2
User_164,2,1
User_165,19,1
User_165,4,4
User_165,1,1
User_165,15,1
User_165,12,2
User_165,7,5
User_165,5,5
User_165,10,1
User_165,17,1
User_165,2,1
User_165,3,1
User_166,2,1
User_166,14,1
User_166,0,1
User_166,11,1
User_166,1,1
User_166,17,5
User_166,13,2
User_166,18,4
User_166,9,1
User_166,3,2
User_167,13,2
User_167,10,1
User_167,5,5
User_167,1,1
User_167,19,1
User_167,15,1
User_167,12,1
User_168,18,2
User_168,2,1
User_168,0,1
User_168,16,2
User_168,19,1
User_168,4,2
User_168,8,1
User_168,5,1
User_168,14,5
User_168,1,1
User_169,12,2
User_169,8,1
User_169,5,4
User_169,15,2
User_169,6,4
User_169,2,1
User_169,0,2
User_169,4,4
User_169,17,1
User_169,3,1
User_169,16,2
User_169,1,1
User_170,18,1
User_170,3,1
User_170,9,1
User_170,1,1
User_170,13,5
User_170,0,1
User_170,16,1
User_170,17,1
User_170,12,4
User_170,14,5
User_170,15,5
User_170,8,2
User_170,2,1
User_171,18,1
User_171,0,2
User_171,12,5
User_171,3,1
User_171,15,5
User_171,11,2
User_171,9,1
User_171,19,1
User_171,6,2
User_172,8,1
User_172,11,1
User_172,16,1
User_172,12,1
User_172,13,1
User_172,14,1
User_172,7,5
User_172,15,2
User_172,19,1
User_173,8,2
User_173,2,1
User_173,16,1
User_173,14,1
User_173,18,2
User_173,5,5
User_173,4,5
User_173,15,1
User_173,6,5
User_173,13,2
User_173,12,1
User_173,7,5
User_174,4,2
User_174,7,1
User_174,0,4
User_174,18,1
User_174,1,4
User_174,15,1
User_174,17,1
User_174,6,1
User_174,16,1
User_174,3,4
User_174,14,1
User_175,17,2
User_175,10,5
User_175,19,1
User_175,5,2
User_175,4,2
User_175,9,5
User_175,16,2
User_175,14,1
User_176,11,2
User_176,10,1
User_176,7,1
User_176,18,5
User_176,15,1
User_176,6,2
User_176,17,5
User_176,8,2
User_176,4,1
User_176,13,2
User_177,6,1
User_177,18,1
User_177,7,1
User_177,3,2
User_177,10,5
User_177,13,1
User_177,0,2
User_177,16,1
User_177,4,1
User_177,8,4
User_178,6,5
User_178,7,4
User_178,11,1
User_178,18,2
User_178,19,1
User_178,1,1
User_179,9,2
User_179,17,2
User_179,12,1
User_179,6,1
User_179,2,5
User_179,15,2
User_179,8,2
User_179,4,2
User_179,16,1
User_180,0,2
User_180,15,2
User_180,12,2
User_180,2,1
User_180,14,1
User_180,18,2
User_181,12,2
User_181,3,1
User_181,0,1
User_181,15,2
User_181,19,1
User_181,17,1
User_181,1,1
User_181,7,4
User_182,15,2
User_182,3,1
User_182,8,2
User_182,12,2
User_182,16,1
User_182,19,1
User_183,17,2
User_183,19,1
User_183,0,5
User_183,7,2
User_183,3,4
User_183,16,2
User_183,9,2
User_183,6,1
User_183,13,2
User_183,11,1
User_183,10,1
User_183,2,4
User_184,18,1
User_184,15,5
User_184,4,1
User_184,13,5
User_184,6,1
User_184,19,1
User_184,10,1
User_184,8,2
User_184,12,5
User_184,17,1
User_184,14,5
User_185,5,4
User_185,2,2
User_185,11,1
User_185,7,4
User_185,6,4
User_185,4,5
User_186,14,2
User_186,8,1
User_186,2,1
User_186,1,1
User_186,9,2
User_186,17,1
User_186,19,2
User_186,3,1
User_186,15,2
User_186,13,2
User_186,16,1
User_186,6,5
User_187,16,1
User_187,7,1
User_187,6,1
User_187,4,1
User_187,18,1
User_187,13,2
User_187,1,1
User_188,18,1
User_188,4,1
User_188,2,1
User_188,15,2
User_188,13,1
User_188,17,2
User_188,11,5
User_188,12,1
User_189,15,1
User_189,12,1
User_189,16,5
User_189,14,1
User_189,8,1
User_189,17,4
User_189,7,1
User_189,19,5
User_189,5,1
User_189,18,5
User_189,13,1
User_190,14,1
User_190,9,1
User_190,8,1
User_190,3,1
User_190,12,1
User_190,17,5
User_190,6,2
User_190,11,1
User_190,0,2
User_191,3,4
User_191,15,1
User_191,4,1
User_191,17,1
User_191,7,1
User_191,5,1
User_191,12,1
User_191,16,1
User_191,0,5
User_191,2,5
User_191,8,1
User_191,9,1
User_191,11,1
User_192,15,1
User_192,17,5
User_192,0,2
User_192,14,1
User_192,3,2
User_192,13,1
User_192,11,1
User_192,9,1
User_192,7,1
User_192,4,1
User_192,19,4
User_192,2,1
User_193,9,2
User_193,13,1
User_193,16,4
User_193,3,2
User_193,19,4
User_193,11,2
User_193,4,1
User_193,14,1
User_193,17,4
User_193,8,2
User_194,17,1
User_194,9,1
User_194,19,1
User_194,3,1
User_194,1,2
User_194,16,1
User_195,13,1
User_195,1,2
User_195,5,1
User_195,6,1
User_195,0,1
User_195,4,1
User_195,12,2
User_195,19,1
User_195,9,4
User_195,10,5
User_195,11,5
User_195,16,2
User_195,14,1
User_196,12,2
User_196,2,1
User_196,15,1
User_196,9,4
User_196,4,1
User_196,3,1
User_196,17,1
User_196,19,2
User_197,6,2
User_197,18,2
User_197,4,1
User_197,17,1
User_197,11,1
User_197,14,2
User_197,2,5
User_197,13,1
User_197,16,2
User_197,0,5
User_198,2,2
User_198,11,2
User_198,6,2
User_198,15,4
User_198,16,1
User_198,19,1
User_198,12,4
User_198,5,1
User_198,4,1
User_198,3,1
User_198,9,2
User_198,14,5
User_199,17,2
User_199,3,1
User_199,5,5
User_199,2,1
User_199,10,1
User_199,18,1
User_200,15,2
User_200,14,2
User_200,6,2
User_200,11,1
User_200,1,2
User_200,5,1
User_200,13,1
User_200,10,1
User_200,18,4
User_200,16,5
User_200,4,2
User_201,1,1
User_201,9,1
User_201,15,1
User_201,18,1
User_201,3,2
User_201,6,5
User_201,17,2
User_201,5,4
User_201,10,2
User_202,1,1
User_202,12,1
User_202,11,2
User_202,13,1
User_202,5,2
User_202,3,1
User_202,10,2
User_202,18,5
User_202,15,1
User_202,14,1
User_202,2,1
User_203,4,1
User_203,12,2
User_203,6,2
User_203,18,2
User_203,17,1
User_203,3,5
User_203,14,2
User_203,10,1
User_203,1,4
User_203,2,4
User_204,0,1
User_204,15,2
User_204,2,1
User_204,3,2
User_204,1,2
User_204,7,1
User_204,12,2
User_204,18,5
User_204,5,1
User_205,11,2
User_205,18,1
User_205,10,1
User_205,15,1
User_205,5,5
User_205,9,1
User_205,3,2
User_205,7,5
User_205,13,1
User_205,17,1
User_205,2,1
User_205,8,2
User_206,16,1
User_206,1,1
User_206,6,2
User_206,0,1
User_206,4,1
User_206,3,1
User_206,7,1
User_206,18,2
User_206,8,5
User_206,10,4
User_206,15,2
User_207,2,1
User_207,4,4
User_207,6,5
User_207,17,2
User_207,9,2
User_207,12,1
User_207,3,1
User_207,8,1
User_207,5,5
User_207,7,5
User_207,0,1
User_207,13,1
User_208,16,2
User_208,19,2
User_208,17,2
User_208,13,2
User_208,3,5
User_208,10,1
User_208,11,1
User_208,2,5
User_208,6,2
User_209,16,1
User_209,13,2
User_209,12,1
User_209,6,4
User_209,8,1
User_209,1,2
User_209,7,5
User_209,14,2
User_209,10,1
User_210,18,5
User_210,0,2
User_210,8,1
User_210,5,2
User_210,19,5
User_210,12,1
User_210,1,1
User_210,2,2
User_210,7,2
User_210,16,5
User_210,10,1
User_210,15,1
User_210,13,1
User_211,9,5
User_211,19,1
User_211,16,2
User_211,2,2
User_211,0,2
User_211,5,2
User_211,15,1
User_211,12,1
User_211,6,2
User_211,11,5
User_211,14,1
User_212,17,5
User_212,18,5
User_212,13,2
User_212,15,1
User_212,4,1
User_212,5,1
User_212,6,1
User_212,9,1
User_212,14,1
User_212,2,2
User_212,3,1
User_213,16,1
User_213,13,5
User_213,8,1
User_213,10,2
User_213,1,2
User_213,18,1
User_214,18,2
User_214,5,1
User_214,1,2
User_214,19,1
User_214,10,1
User_214,7,2
User_214,13,5
User_215,1,1
User_215,11,1
User_215,5,1
User_215,14,1
User_215,19,5
User_215,10,1
User_216,5,2
User_216,3,1
User_216,2,1
User_216,12,5
User_216,7,2
User_216,0,1
User_216,6,2
User_217,18,2
User_217,16,2
User_217,17,1
User_217,4,2
User_217,15,1
User_217,3,5
User_217,19,2
User_217,11,1
User_218,11,1
User_218,2,2
User_218,4,5
User_218,14,1
User_218,15,1
User_218,1,1
User_218,16,1
User_218,3,1
User_218,10,2
User_218,7,5
User_218,19,1
User_218,13,2
User_219,10,5
User_219,7,1
User_219,18,1
User_219,6,2
User_219,13,2
User_219,11,5
User_219,19,1
User_220,16,2
User_220,13,1
User_220,5,1
User_220,2,4
User_220,19,2
User_220,9,1
User_220,14,1
User_220,0,5
User_220,18,2
User_220,8,2
User_220,12,1
User_220,1,5
User_221,17,4
User_221,2,2
User_221,18,4
User_221,7,2
User_221,9,1
User_221,8,1
User_221,19,4
User_221,5,2
User_222,13,2
User_222,17,5
User_222,0,1
User_222,1,1
User_222,8,2
User_222,11,1
User_222,3,1
User_222,4,1
User_222,2,2
User_222,9,2
User_222,15,1
User_222,6,1
User_223,5,1
User_223,11,2
User_223,18,2
User_223,19,2
User_223,1,4
User_223,0,4
User_223,9,1
User_223,13,2
User_223,8,2
User_223,3,5
User_223,7,1
User_223,2,4
User_224,3,1
User_224,4,2
User_224,0,1
User_224,11,4
User_224,17,1
User_224,12,1
User_224,8,5
User_224,2,1
User_224,18,1
User_224,16,1
User_224,5,1
User_224,10,5
User_225,0,1
User_225,2,1
User_225,12,1
User_225,15,2
User_225,5,5
User_225,6,5
User_226,12,1
User_226,9,1
User_226,19,5
User_226,16,5
User_226,15,1
User_226,17,5
User_226,8,1
User_226,2,1
User_226,1,2
User_226,10,1
User_226,3,2
User_226,13,1
User_226,6,1
User_227,11,2
User_227,1,4
User_227,7,2
User_227,16,1
User_227,13,1
User_227,3,4
User_227,10,2
User_227,5,1
User_227,14,2
User_227,9,1
User_227,15,1
User_227,19,2
User_227,12,2
User_228,10,1
User_228,8,1
User_228,15,5
User_228,2,1
User_228,13,5
User_228,3,1
User_228,14,5
User_228,9,1
User_228,4,2
User_228,19,1
User_228,6,1
User_228,16,1
User_229,13,2
User_229,6,2
User_229,17,2
User_229,3,1
User_229,8,4
User_229,15,2
User_230,8,5
User_230,6,1
User_230,7,1
User_230,17,2
User_230,9,5
User_230,10,5
User_230,0,2
User_230,5,1
User_230,19,2
User_231,11,1
User_231,7,1
User_231,13,5
User_231,15,5
User_231,8,2
User_231,6,1
User_231,2,1
User_232,12,1
User_232,3,1
User_232,9,5
User_232,0,1
User_232,4,1
User_232,10,5
User_232,19,2
User_232,18,1
User_232,11,5
User_232,2,1
User_232,8,5
User_233,8,1
User_233,6,5
User_233,14,1
User_233,19,1
User_233,17,2
User_233,4,5
User_234,16,1
User_234,6,5
User_234,5,5
User_234,3,2
User_234,1,2
User_234,12,1
User_234,14,1
User_234,15,1
User_235,8,5
User_235,19,1
User_235,7,1
User_235,3,1
User_235,1,1
User_235,10,4
User_235,4,2
User_235,0,1
User_235,11,5
User_235,13,1
User_236,2,5
User_236,8,2
User_236,3,5
User_236,10,1
User_236,12,2
User_236,0,5
User_236,14,1
User_237,18,2
User_237,7,1
User_237,5,2
User_237,1,4
User_237,3,5
User_237,8,1
User_238,13,1
User_238,2,1
User_238,15,2
User_238,9,2
User_238,16,4
User_238,12,1
User_238,11,1
User_238,3,1
User_239,19,2
User_239,11,1
User_239,9,2
User_239,8,1
User_239,18,1
User_239,4,2
User_239,10,1
User_239,2,1
User_239,14,5
User_240,14,5
User_240,7,1
User_240,9,2
User_240,15,4
User_240,3,1
User_240,16,2
User_240,5,1
User_240,8,2
User_241,12,2
User_241,6,1
User_241,5,1
User_241,8,2
User_241,4,2
User_241,2,1
User_241,16,5
User_241,14,1
User_241,19,5
User_241,11,2
User_241,17,5
User_242,15,5
User_242,1,1
User_242,14,5
User_242,12,5
User_242,6,1
User_242,8,1
User_242,5,1
User_242,17,2
User_242,2,1
User_243,15,1
User_243,3,1
User_243,8,1
User_243,18,5
User_243,6,1
User_243,12,1
User_243,0,1
User_243,5,1
User_243,14,1
User_243,10,1
User_243,9,2
User_244,19,1
User_244,15,1
User_244,6,1
User_244,7,1
User_244,14,2
User_244,5,2
User_244,10,5
User_244,3,2
User_244,11,5
User_244,2,1
User_244,13,1
User_245,1,1
User_245,13,1
User_245,17,1
User_245,14,1
User_245,6,5
User_245,18,1
User_245,4,5
User_245,11,1
User_245,0,2
User_245,9,2
User_245,15,1
User_246,12,1
User_246,16,4
User_246,6,1
User_246,5,1
User_246,10,2
User_246,15,1
User_246,1,2
User_246,4,1
User_246,3,2
User_246,18,4
User_246,8,1
User_247,14,1
User_247,0,1
User_247,7,5
User_247,16,1
User_247,1,2
User_247,18,1
User_247,6,5
User_247,11,1
User_247,5,5
User_247,4,4
User_248,5,1
User_248,10,1
User_248,7,2
User_248,2,1
User_248,4,1
User_248,11,1
User_248,15,5
User_249,15,5
User_249,18,2
User_249,16,1
User_249,8,2
User_249,9,1
User_249,11,1
User_250,5,5
User_250,8,1
User_250,14,1
User_250,18,1
User_250,16,1
User_250,7,5
User_250,15,1
User_250,11,2
User_250,19,1
User_250,0,1
User_250,3,1
User_251,17,1
User_251,6,1
User_251,12,5
User_251,14,5
User_251,10,2
User_251,4,1
User_252,6,1
User_252,8,1
User_252,2,5
User_252,7,2
User_252,15,2
User_252,17,1
User_253,18,1
User_253,4,5
User_253,0,2
User_253,3,1
User_253,8,1
User_253,13,2
User_253,15,1
User_253,1,2
User_253,7,5
User_253,6,4
User_253,14,2
User_253,11,1
User_254,5,1
User_254,0,2
User_254,12,5
User_254,2,1
User_254,4,1
User_254,17,1
User_254,18,2
User_254,6,1
User_255,18,2
User_255,0,1
User_255,4,4
User_255,19,1
User_255,12,1
User_255,16,1
User_255,14,2
User_255,3,1
User_255,5,5
User_255,7,4
User_255,2,2
User_255,11,1
User_256,5,4
User_256,16,1
User_256,18,1
User_256,12,1
User_256,0,1
User_256,13,1
User_256,17,2
User_256,6,5
User_256,2,1
User_257,15,2
User_257,10,2
User_257,1,2
User_257,2,1
User_257,14,1
User_257,0,1
User_257,13,2
User_257,18,5
User_257,9,2
User_257,11,1
User_257,12,2
User_257,19,5
User_258,7,2
User_258,15,2
User_258,11,2
User_258,10,1
User_258,5,1
User_258,8,2
User_258,17,4
User_258,19,4
User_258,2,2
User_258,6,1
User_258,9,2
User_259,10,4
User_259,13,2
User_259,5,1
User_259,3,1
User_259,4,1
User_259,12,1
User_259,11,4
User_259,7,1
User_259,17,2
User_259,18,1
User_259,14,1
User_259,15,1
User_259,19,1
User_260,9,1
User_260,16,5
User_260,4,1
User_260,12,2
User_260,10,1
User_260,6,1
User_260,14,1
User_260,11,1
User_260,7,1
User_260,19,5
User_261,16,1
User_261,1,2
User_261,0,2
User_261,2,2
User_261,17,2
User_261,9,1
User_262,1,1
User_262,12,1
User_262,0,2
User_262,19,1
User_262,8,2
User_262,9,1
User_262,3,2
User_262,7,5
User_262,17,1
User_263,18,1
User_263,6,1
User_263,17,1
User_263,7,1
User_263,16,2
User_263,13,5
User_263,11,2
User_263,0,1
User_263,8,1
User_263,14,5
User_264,16,1
User_264,0,2
User_264,13,1
User_264,18,1
User_264,8,1
User_264,3,2
User_264,1,1
User_264,11,1
User_265,15,1
User_265,5,4
User_265,17,1
User_265,6,4
User_265,16,2
User_265,1,2
User_266,11,1
User_266,5,1
User_266,18,5
User_266,16,5
User_266,17,4
User_266,4,1
User_266,6,1
User_266,10,2
User_266,3,2
User_266,1,1
User_266,9,2
User_266,13,2
User_266,0,1
User_267,19,1
User_267,4,4
User_267,12,1
User_267,11,1
User_267,10,1
User_267,18,1
User_267,0,2
User_267,5,5
User_267,9,1
User_267,13,2
User_268,14,2
User_268,0,2
User_268,13,2
User_268,6,2
User_268,10,5
User_268,17,2
User_268,9,5
User_268,8,5
User_268,19,1
User_268,11,5
User_268,18,1
User_269,2,5
User_269,4,2
User_269,10,1
User_269,11,2
User_269,9,1
User_269,7,2
User_270,18,5
User_270,19,5
User_270,13,2
User_270,12,1
User_270,4,2
User_270,16,4
User_270,5,1
User_271,16,1
User_271,19,1
User_271,0,1
User_271,18,2
User_271,11,4
User_271,1,1
User_271,3,1
User_271,4,1
User_271,6,1
User_271,7,1
User_271,5,1
User_271,9,4
User_271,14,1
User_272,9,1
User_272,5,2
User_272,13,1
User_272,10,2
User_272,8,2
User_272,11,2
User_272,4,1
User_272,16,2
User_272,3,5
User_272,14,2
User_272,1,5
User_272,7,1
User_272,2,5
User_273,15,1
User_273,13,2
User_273,19,1
User_273,14,2
User_273,3,5
User_273,4,2
User_273,11,2
User_273,17,1
User_273,16,2
User_273,8,1
User_273,0,5
User_273,9,1
User_273,10,2
User_274,17,1
User_274,13,2
User_274,19,2
User_274,4,1
User_274,1,1
User_274,8,5
User_274,11,4
User_274,18,1
User_275,15,5
User_275,19,1
User_275,5,1
User_275,0,1
User_275,3,1
User_275,13,5
User_275,6,1
User_275,12,5
User_275,14,5
User_275,18,1
User_276,1,1
User_276,12,5
User_276,18,2
User_276,6,1
User_276,10,1
User_276,11,1
User_276,16,1
User_277,17,5
User_277,2,1
User_277,18,5
User_277,4,1
User_277,9,1
User_277,13,1
User_277,3,1
User_277,16,4
User_277,1,1
User_277,12,1
User_277,15,1
User_277,19,4
User_278,13,5
User_278,18,2
User_278,2,2
User_278,17,2
User_278,11,1
User_278,9,1
User_278,12,5
User_278,6,1
User_278,3,2
User_278,7,1
User_278,0,1
User_279,13,1
User_279,5,1
User_279,14,1
User_279,1,1
User_279,2,2
User_279,19,2
User_279,0,2
User_279,18,1
User_279,10,5
User_279,7,1
User_279,6,1
User_279,9,5
User_279,15,1
User_280,13,4
User_280,1,2
User_280,7,1
User_280,10,1
User_280,11,1
User_280,6,2
User_280,2,2
User_280,3,2
User_280,4,2
User_280,16,1
User_280,18,1
User_281,14,1
User_281,3,1
User_281,7,1
User_281,10,1
User_281,1,1
User_281,0,1
User_281,18,5
User_282,16,1
User_282,19,2
User_282,11,5
User_282,2,2
User_282,8,4
User_282,3,1
User_282,18,2
User_282,10,5
User_282,6,2
User_282,14,1
User_282,4,2
User_283,8,1
User_283,5,1
User_283,2,5
User_283,18,1
User_283,1,4
User_283,15,1
User_283,3,4
User_284,9,2
User_284,1,5
User_284,17,1
User_284,0,5
User_284,15,2
User_284,4,1
User_284,14,1
User_284,8,2
User_284,5,1
User_284,18,2
User_284,6,1
User_285,16,1
User_285,4,4
User_285,1,2
User_285,14,1
User_285,10,2
User_285,18,2
User_285,9,1
User_285,3,1
User_285,15,1
User_285,8,1
User_286,5,2
User_286,14,5
User_286,19,1
User_286,8,2
User_286,9,1
User_286,18,1
User_286,4,1
User_286,15,5
User_286,3,2
User_287,5,5
User_287,1,2
User_287,7,5
User_287,6,5
User_287,10,1
User_287,8,1
User_287,9,2
User_287,18,1
User_287,13,2
User_287,3,1
User_287,0,2
User_288,17,1
User_288,0,1
User_288,12,2
User_288,15,1
User_288,7,5
User_288,16,1
User_288,5,5
User_288,3,2
User_288,19,1
User_288,10,1
User_289,12,1
User_289,3,1
User_289,11,2
User_289,17,5
User_289,15,1
User_289,4,1
User_289,6,1
User_290,0,1
User_290,17,1
User_290,11,5
User_290,12,1
User_290,4,1
User_290,6,1
User_290,2,1
User_290,18,1
User_290,9,5
User_290,5,1
User_290,8,5
User_291,5,4
User_291,12,1
User_291,18,2
User_291,17,1
User_291,7,4
User_291,9,1
User_291,13,1
User_291,0,1
User_291,10,1
User_291,16,1
User_291,2,1
User_291,4,5
User_291,14,1
User_292,10,1
User_292,0,1
User_292,8,1
User_292,7,1
User_292,14,4
User_292,19,1
User_293,12,2
User_293,13,2
User_293,4,1
User_293,19,2
User_293,5,1
User_293,9,1
User_293,17,2
User_293,16,1
User_293,3,4
User_294,5,1
User_294,13,2
User_294,7,1
User_294,11,5
User_294,12,1
User_294,1,2
User_294,8,5
User_294,0,2
User_294,17,1
User_294,14,1
User_295,18,2
User_295,16,2
User_295,7,1
User_295,3,5
User_295,0,4
User_295,6,1
User_295,12,2
User_295,13,1
User_295,15,1
User_296,10,1
User_296,17,1
User_296,14,5
User_296,6,1
User_296,3,1
User_296,1,1
User_296,11,1
User_296,8,2
User_296,2,1
User_296,9,1
User_297,7,4
User_297,18,1
User_297,9,2
User_297,0,1
User_297,19,1
User_297,1,1
User_298,11,1
User_298,18,1
User_298,15,5
User_298,17,1
User_298,8,1
User_298,6,1
User_298,10,2
User_298,7,1
User_298,0,1
User_298,19,2
User_298,4,1
User_298,2,1
User_298,5,1
User_299,18,1
User_299,1,2
User_299,10,1
User_299,17,1
User_299,11,2
User_299,5,1
User_299,3,2
User_299,8,1
User_299,4,1
User_299,2,1
User_299,16,1
User_299,7,1
User_299,6,1
